Year,Herring,Whiting,Cod
1981,0,552,1
1982,18,700,2
1983,0,695,7
1984,1,1040,3
1985,1,927,0
1987,50,3180,91
1988,2,791,16
1989,58,1235,6
1990,2,1445,129
1991,2,1139,17
1992,3,1308,57
1993,9,2127,64
1994,4,2207,106
1995,52,923,17
1996,7,1345,17
1997,18,1508,28
1998,10,2610,14
1999,3,1853,91
2000,163,2702,214
2001,125,1036,31
2002,4,2157,22
2003,70,1356,12
2004,254,1179,9
2005,28,997,50
2006,265,666,23
2007,74,2080,64
2008,221,1889,28
2009,110,2406,538
2010,1091,757,111
2011,43,431,13
2012,326,1450,6
